rank,word,per_million,zipf,wordfreq_pm,opensubtitles_pm
1,ich,25413.55,7.41,12000.0,38827.09
2,die,23289.74,7.37,30200.0,16379.47
3,und,20697.16,7.32,26300.0,15094.33
4,der,20088.66,7.3,28800.0,11377.32
5,das,17540.33,7.24,14500.0,20580.67
6,ist,15971.99,7.2,12000.0,19943.99
7,sie,15851.58,7.2,6610.0,25093.16
8,nicht,14185.98,7.15,10200.0,18171.95
9,in,12758.43,7.11,17400.0,8116.86
10,es,11945.45,7.08,8710.0,15180.91
11,du,11407.97,7.06,3390.0,19425.94
12,zu,9795.63,6.99,10200.0,9391.27
13,ein,8400.05,6.92,8130.0,8670.1
14,mit,8118.79,6.91,9550.0,6687.57
15,den,8034.32,6.9,10000.0,6068.64
16,wir,7409.22,6.87,3470.0,11348.44
17,von,7213.49,6.86,9770.0,4656.99
18,was,7134.82,6.85,3090.0,11179.63
19,er,7021.54,6.85,5130.0,8913.07
20,auf,6785.03,6.83,7760.0,5810.06
21,für,6218.29,6.79,7590.0,4846.58
22,eine,5921.83,6.77,6310.0,5533.65
23,dass,5406.51,6.73,4900.0,5913.02
24,wie,5296.59,6.72,4470.0,6123.18
25,so,5132.51,6.71,4900.0,5365.02
26,aber,4951.29,6.69,4270.0,5632.58
27,im,4950.66,6.69,7240.0,2661.32
28,sich,4843.0,6.69,6170.0,3515.99
29,hat,4623.45,6.66,3980.0,5266.9
30,ja,4544.21,6.66,2140.0,6948.43
31,an,4518.48,6.65,4900.0,4136.97
32,auch,4495.67,6.65,6030.0,2961.33
33,dem,4407.72,6.64,5750.0,3065.44
34,mir,4404.97,6.64,2090.0,6719.94
35,sind,4386.35,6.64,3980.0,4792.7
36,war,4042.76,6.61,3390.0,4695.53
37,als,4016.79,6.6,5130.0,2903.59
38,wenn,3908.85,6.59,3240.0,4577.7
39,haben,3856.61,6.59,2820.0,4893.21
40,mich,3853.46,6.59,1820.0,5886.91
41,noch,3661.83,6.56,3550.0,3773.67
42,nur,3514.67,6.55,3310.0,3719.35
43,hier,3395.88,6.53,1820.0,4971.76
44,aus,3391.35,6.53,3980.0,2802.7
45,des,3307.6,6.52,5500.0,1115.2
46,einen,3264.72,6.51,3020.0,3509.45
47,bei,3198.24,6.5,4570.0,1826.48
48,habe,3166.75,6.5,2140.0,4193.49
49,da,3029.67,6.48,2340.0,3719.34
50,ihr,2989.95,6.48,1660.0,4319.89
51,nach,2890.14,6.46,3630.0,2150.27
52,wird,2879.28,6.46,3160.0,2598.56
53,kann,2776.88,6.44,2510.0,3043.76
54,oder,2704.59,6.43,3160.0,2249.19
55,dich,2658.12,6.42,776.0,4540.25
56,schon,2552.9,6.41,2190.0,2915.8
57,dann,2535.32,6.4,2240.0,2830.64
58,bin,2530.36,6.4,1260.0,3800.72
59,werden,2516.21,6.4,3090.0,1942.42
60,sein,2495.65,6.4,2090.0,2901.29
61,man,2431.8,6.39,2880.0,1983.59
62,mal,2390.78,6.38,1910.0,2871.56
63,uns,2370.73,6.37,1290.0,3451.45
64,dir,2284.55,6.36,912.0,3657.1
65,nein,2279.73,6.36,331.0,4228.45
66,jetzt,2245.05,6.35,1620.0,2870.11
67,gut,2107.12,6.32,1230.0,2984.24
68,doch,2087.23,6.32,1660.0,2514.45
69,am,2003.31,6.3,2880.0,1126.61
70,zum,1997.57,6.3,2570.0,1425.14
71,mehr,1997.13,6.3,2140.0,1854.26
72,einer,1981.08,6.3,2630.0,1332.17
73,hast,1966.8,6.29,562.0,3371.61
74,keine,1876.29,6.27,1450.0,2302.59
75,über,1873.81,6.27,2450.0,1297.61
76,meine,1851.68,6.27,933.0,2770.37
77,vor,1836.85,6.26,2040.0,1633.69
78,einem,1815.06,6.26,2240.0,1390.12
79,ihn,1772.18,6.25,676.0,2868.37
80,alles,1733.18,6.24,1050.0,2416.36
81,mein,1684.13,6.23,832.0,2536.26
82,immer,1667.71,6.22,1620.0,1715.42
83,muss,1657.48,6.22,1320.0,1994.97
84,wieder,1547.68,6.19,1510.0,1585.36
85,weiß,1491.26,6.17,562.0,2420.52
86,diese,1477.54,6.17,1580.0,1375.08
87,bist,1460.86,6.16,407.0,2514.73
88,geht,1458.83,6.16,1000.0,1917.66
89,können,1453.99,6.16,1320.0,1587.98
90,alle,1446.07,6.16,1410.0,1482.15
91,sehr,1436.27,6.16,1380.0,1492.53
92,will,1423.15,6.15,912.0,1934.31
93,also,1411.46,6.15,1000.0,1822.93
94,nichts,1396.84,6.15,759.0,2034.68
95,etwas,1381.31,6.14,871.0,1891.61
96,wo,1347.4,6.13,794.0,1900.81
97,bis,1318.56,6.12,1700.0,937.12
98,zur,1310.59,6.12,1860.0,761.17
99,ihre,1263.56,6.1,1150.0,1377.11
100,wurde,1240.49,6.09,1550.0,930.99
101,ihnen,1238.61,6.09,550.0,1927.22
102,durch,1231.63,6.09,1820.0,643.27
103,machen,1230.31,6.09,955.0,1505.63
104,gibt,1223.53,6.09,1150.0,1297.06
105,hab,1212.35,6.08,759.0,1665.71
106,denn,1206.56,6.08,933.0,1480.13
107,bitte,1112.53,6.05,501.0,1724.05
108,hatte,1111.54,6.05,1150.0,1073.09
109,warum,1108.84,6.04,562.0,1655.69
110,viel,1082.6,6.03,1000.0,1165.2
111,ihm,1061.28,6.03,692.0,1430.57
112,wer,1056.84,6.02,724.0,1389.69
113,soll,1036.34,6.02,813.0,1259.68
114,oh,1022.52,6.01,170.0,1875.05
115,sagen,1019.64,6.01,479.0,1560.27
116,zeit,1017.13,6.01,977.0,1057.27
117,mann,1002.51,6.0,537.0,1468.02
118,einfach,1002.14,6.0,891.0,1113.29
119,dieser,992.32,6.0,1100.0,884.64
120,kein,991.69,6.0,813.0,1170.38
121,weil,971.99,5.99,891.0,1052.98
122,ganz,970.83,5.99,955.0,986.67
123,danke,969.75,5.99,437.0,1502.5
124,vielleicht,961.93,5.98,525.0,1398.87
125,damit,952.47,5.98,912.0,992.94
126,seine,950.4,5.98,1070.0,830.81
127,würde,947.43,5.98,741.0,1153.86
128,sehen,946.85,5.98,490.0,1403.69
129,euch,938.52,5.97,513.0,1364.03
130,müssen,931.86,5.97,603.0,1260.71
131,gehen,928.66,5.97,447.0,1410.31
132,leben,914.79,5.96,724.0,1105.57
133,tun,912.13,5.96,380.0,1444.26
134,wirklich,891.28,5.95,562.0,1220.56
135,los,890.39,5.95,182.0,1598.78
136,heute,887.6,5.95,759.0,1016.19
137,kommt,886.55,5.95,759.0,1014.1
138,vom,882.45,5.95,1260.0,504.91
139,nun,852.63,5.93,759.0,946.26
140,unter,848.1,5.93,1260.0,436.19
141,nie,846.78,5.93,468.0,1225.57
142,zwei,839.66,5.92,871.0,808.31
143,wäre,823.42,5.92,661.0,985.84
144,ab,823.08,5.92,955.0,691.16
145,waren,822.68,5.92,871.0,774.36
146,werde,816.28,5.91,398.0,1234.56
147,deine,814.05,5.91,363.0,1265.1
148,wissen,811.81,5.91,355.0,1268.62
149,weg,811.18,5.91,468.0,1154.37
150,macht,798.18,5.9,708.0,888.35
151,kommen,773.14,5.89,513.0,1033.28
152,wollen,759.43,5.88,513.0,1005.86
153,ohne,738.61,5.87,891.0,586.23
154,gegen,737.49,5.87,1070.0,404.98
155,lassen,720.55,5.86,575.0,866.11
156,komm,703.5,5.85,81.3,1325.71
157,frau,702.2,5.85,457.0,947.4
158,okay,694.89,5.84,93.3,1296.48
159,selbst,694.07,5.84,794.0,594.15
160,ob,665.7,5.82,692.0,639.4
161,seit,665.28,5.82,813.0,517.56
162,hätte,663.62,5.82,501.0,826.24
163,dein,657.87,5.82,288.0,1027.74
164,sicher,652.59,5.81,347.0,958.17
165,hey,652.32,5.81,85.1,1219.54
166,wollte,647.91,5.81,316.0,979.81
167,tut,646.87,5.81,155.0,1138.73
168,gerade,637.7,5.8,589.0,686.4
169,könnte,633.48,5.8,490.0,776.97
170,anderen,630.12,5.8,692.0,568.24
171,zurück,625.42,5.8,372.0,878.85
172,kannst,624.36,5.8,347.0,901.71
173,dieses,623.41,5.79,646.0,600.82
174,eines,616.48,5.79,813.0,419.96
175,sollte,613.22,5.79,575.0,651.43
176,beim,612.4,5.79,871.0,353.8
177,gesagt,611.97,5.79,269.0,954.94
178,genau,611.31,5.79,447.0,775.63
179,menschen,610.9,5.79,776.0,445.8
180,wohl,599.69,5.78,537.0,662.39
181,willst,593.39,5.77,138.0,1048.78
182,meinen,588.32,5.77,331.0,845.64
183,tag,586.32,5.77,490.0,682.63
184,leute,575.9,5.76,427.0,724.8
185,viele,570.51,5.76,676.0,465.01
186,diesem,567.67,5.75,646.0,489.33
187,dort,565.01,5.75,603.0,527.01
188,klar,556.2,5.75,363.0,749.4
189,weiter,543.34,5.74,562.0,524.69
190,unsere,538.07,5.73,427.0,649.14
191,weißt,534.23,5.73,67.6,1000.86
192,gemacht,534.17,5.73,447.0,621.34
193,besser,533.55,5.73,457.0,610.1
194,na,533.22,5.73,141.0,925.45
195,diesen,533.13,5.73,513.0,553.26
196,ihren,528.11,5.72,550.0,506.22
197,geld,517.67,5.71,389.0,646.33
198,schön,517.07,5.71,331.0,703.13
199,sei,515.6,5.71,501.0,530.19
200,jahre,515.32,5.71,661.0,369.63
201,keinen,512.2,5.71,389.0,635.4
202,gott,511.22,5.71,182.0,840.43
203,jahren,506.61,5.7,676.0,337.22
204,dabei,506.41,5.7,631.0,381.81
205,ins,504.91,5.7,479.0,530.82
206,morgen,503.77,5.7,269.0,738.55
207,erst,498.74,5.7,575.0,422.48
208,leid,497.33,5.7,67.6,927.07
209,andere,495.99,5.7,562.0,429.97
210,drei,492.63,5.69,525.0,460.26
211,paar,490.71,5.69,363.0,618.42
212,gar,489.03,5.69,437.0,541.06
213,dafür,487.69,5.69,479.0,496.37
214,jemand,481.93,5.68,316.0,647.85
215,hallo,481.22,5.68,115.0,847.44
216,natürlich,481.1,5.68,417.0,545.2
217,ihrer,480.34,5.68,575.0,385.68
218,gute,479.81,5.68,407.0,552.62
219,liebe,478.28,5.68,302.0,654.56
220,wegen,478.1,5.68,468.0,488.2
221,sagte,476.16,5.68,302.0,650.32
222,finden,475.81,5.68,398.0,553.62
223,seiner,474.71,5.68,676.0,273.41
224,glaube,471.67,5.67,245.0,698.33
225,gesehen,471.32,5.67,263.0,679.65
226,meiner,470.31,5.67,372.0,568.63
227,lange,467.63,5.67,389.0,546.27
228,jahr,461.66,5.66,692.0,231.32
229,recht,460.12,5.66,407.0,513.24
230,geben,459.13,5.66,398.0,520.26
231,gleich,451.84,5.65,389.0,514.68
232,sagt,451.6,5.65,389.0,514.21
233,wurden,450.1,5.65,646.0,254.2
234,welt,448.73,5.65,457.0,440.47
235,möchte,448.06,5.65,309.0,587.11
236,richtig,443.09,5.65,380.0,506.17
237,vater,440.41,5.64,162.0,718.81
238,davon,440.31,5.64,380.0,500.62
239,lass,440.25,5.64,100.0,780.51
240,steht,439.99,5.64,479.0,400.99
241,gehört,438.84,5.64,288.0,589.69
242,zwischen,437.95,5.64,676.0,199.9
243,sieht,436.38,5.64,372.0,500.76
244,seinen,428.32,5.63,525.0,331.64
245,dazu,421.77,5.63,513.0,330.54
246,neue,420.13,5.62,589.0,251.27
247,einmal,411.08,5.61,457.0,365.17
248,kinder,409.0,5.61,398.0,420.0
249,meinem,405.53,5.61,269.0,542.06
250,mutter,405.26,5.61,182.0,628.51
251,reden,405.15,5.61,138.0,672.3
252,zusammen,397.94,5.6,355.0,440.89
253,sollen,397.47,5.6,324.0,470.95
254,nacht,394.98,5.6,229.0,560.97
255,raus,390.65,5.59,155.0,626.29
256,konnte,389.28,5.59,437.0,341.57
257,ersten,386.23,5.59,575.0,197.46
258,uhr,386.0,5.59,468.0,303.99
259,passiert,385.58,5.59,158.0,613.17
260,arbeit,381.47,5.58,372.0,390.95
261,jeder,380.72,5.58,417.0,344.44
262,schnell,379.56,5.58,324.0,435.13
263,stadt,379.49,5.58,457.0,301.98
264,wieso,377.85,5.58,148.0,607.7
265,her,377.62,5.58,178.0,577.24
266,ende,376.43,5.58,468.0,284.87
267,sondern,375.86,5.58,589.0,162.73
268,hin,375.7,5.57,275.0,476.4
269,dachte,372.08,5.57,132.0,612.15
270,mach,370.65,5.57,126.0,615.3
271,musst,369.98,5.57,115.0,624.96
272,darf,369.47,5.57,316.0,422.93
273,sollten,368.36,5.57,257.0,479.73
274,haus,362.43,5.56,257.0,467.85
275,guten,361.47,5.56,269.0,453.95
276,unser,361.0,5.56,269.0,453.0
277,ganze,360.36,5.56,309.0,411.73
278,helfen,357.84,5.55,151.0,564.67
279,nehmen,351.19,5.55,282.0,420.37
280,heißt,345.39,5.54,302.0,388.78
281,eigentlich,344.06,5.54,380.0,308.12
282,frage,342.59,5.53,372.0,313.19
283,ach,341.59,5.53,141.0,542.18
284,hatten,340.21,5.53,331.0,349.41
285,fragen,339.82,5.53,295.0,384.64
286,abend,339.74,5.53,209.0,470.48
287,während,339.31,5.53,479.0,199.62
288,bleiben,338.61,5.53,234.0,443.21
289,kam,337.72,5.53,339.0,336.45
290,fall,335.14,5.53,347.0,323.27
291,ihrem,334.44,5.52,339.0,329.89
292,sonst,333.83,5.52,269.0,398.65
293,seinem,331.84,5.52,427.0,236.69
294,essen,329.78,5.52,214.0,445.56
295,gab,325.7,5.51,347.0,304.39
296,sag,323.61,5.51,72.4,574.82
297,denke,322.43,5.51,178.0,466.85
298,wirst,320.71,5.51,89.1,552.33
299,mädchen,320.56,5.51,162.0,479.12
300,fast,320.32,5.51,380.0,260.65
301,etwa,320.05,5.51,417.0,223.1
302,genug,317.6,5.5,224.0,411.2
303,familie,317.31,5.5,257.0,377.63
304,hause,314.79,5.5,148.0,481.58
305,hören,312.34,5.49,123.0,501.69
306,jeden,311.57,5.49,316.0,307.13
307,bringen,308.58,5.49,200.0,417.16
308,bereits,308.27,5.49,468.0,148.54
309,darauf,308.0,5.49,331.0,285.0
310,darüber,307.93,5.49,275.0,340.86
311,hör,306.94,5.49,31.6,582.29
312,vielen,304.08,5.48,331.0,277.16
313,später,304.07,5.48,316.0,292.15
314,neuen,303.69,5.48,427.0,180.38
315,junge,302.53,5.48,204.0,401.06
316,musik,300.6,5.48,209.0,392.21
317,deinen,298.46,5.47,138.0,458.92
318,problem,297.56,5.47,234.0,361.11
319,liegt,297.18,5.47,355.0,239.37
320,große,297.18,5.47,355.0,239.36
321,angst,295.64,5.47,148.0,443.29
322,dies,295.63,5.47,417.0,174.26
323,erste,295.6,5.47,372.0,219.2
324,ordnung,295.13,5.47,85.1,505.16
325,beide,295.08,5.47,240.0,350.15
326,freund,293.85,5.47,129.0,458.69
327,halt,291.56,5.46,229.0,354.13
328,stehen,291.38,5.46,316.0,266.76
329,frauen,289.66,5.46,339.0,240.31
330,sofort,288.56,5.46,204.0,373.12
331,geh,287.04,5.46,83.2,490.87
332,denen,286.88,5.46,372.0,201.76
333,allein,286.55,5.46,219.0,354.11
334,sogar,286.29,5.46,331.0,241.59
335,teil,284.29,5.45,389.0,179.58
336,welche,284.12,5.45,355.0,213.24
337,rein,283.53,5.45,145.0,422.05
338,stimmt,283.09,5.45,145.0,421.18
339,gerne,282.18,5.45,309.0,255.36
340,würden,281.97,5.45,240.0,323.94
341,halten,279.86,5.45,219.0,340.73
342,beiden,279.74,5.45,380.0,179.48
343,daran,279.56,5.45,229.0,330.12
344,bekommen,279.33,5.45,263.0,295.65
345,habt,279.18,5.45,123.0,435.35
346,herr,278.82,5.45,174.0,383.64
347,scheiße,278.14,5.44,132.0,424.28
348,letzten,277.65,5.44,331.0,224.31
349,kleine,277.63,5.44,263.0,292.26
350,brauchen,276.15,5.44,145.0,407.31
351,glauben,275.54,5.44,132.0,419.08
352,niemand,274.56,5.44,174.0,375.12
353,art,274.26,5.44,324.0,224.53
354,gefunden,272.45,5.44,195.0,349.91
355,moment,269.42,5.43,135.0,403.84
356,dank,266.51,5.43,209.0,324.02
357,namen,265.31,5.42,234.0,296.61
358,allem,265.11,5.42,380.0,150.23
359,echt,264.02,5.42,219.0,309.05
360,lieber,263.9,5.42,204.0,323.81
361,wenig,263.31,5.42,309.0,217.63
362,bevor,262.76,5.42,155.0,370.52
363,weit,262.47,5.42,251.0,273.94
364,sohn,262.28,5.42,166.0,358.56
365,minuten,261.38,5.42,245.0,277.77
366,sache,261.12,5.42,174.0,348.24
367,allen,260.9,5.42,331.0,190.8
368,kind,260.83,5.42,186.0,335.66
369,einige,260.76,5.42,347.0,174.53
370,hilfe,260.62,5.42,174.0,347.25
371,mag,259.9,5.41,209.0,310.8
372,lässt,256.84,5.41,288.0,225.67
373,polizei,256.22,5.41,245.0,267.44
374,großen,256.13,5.41,355.0,157.25
375,kurz,255.22,5.41,269.0,241.45
376,egal,254.65,5.41,191.0,318.29
377,seite,254.51,5.41,309.0,200.03
378,ging,253.91,5.4,257.0,250.82
379,spiel,253.56,5.4,309.0,198.13
380,machst,253.32,5.4,58.9,447.75
381,arbeiten,252.42,5.4,251.0,253.85
382,wann,252.32,5.4,148.0,356.65
383,land,252.07,5.4,295.0,209.14
384,sowie,251.74,5.4,490.0,13.47
385,deutschen,250.34,5.4,468.0,32.68
386,geschichte,249.99,5.4,282.0,217.99
387,männer,249.8,5.4,200.0,299.6
388,denken,249.5,5.4,170.0,329.01
389,spielen,248.83,5.4,263.0,234.67
390,getan,248.47,5.4,72.4,424.53
391,kopf,247.82,5.39,200.0,295.65
392,warte,246.31,5.39,41.7,450.92
393,je,244.83,5.39,251.0,238.65
394,seid,244.79,5.39,102.0,387.59
395,bald,243.17,5.39,204.0,282.35
396,sprechen,242.95,5.39,135.0,350.89
397,gern,242.37,5.38,141.0,343.74
398,tot,242.31,5.38,56.2,428.43
399,ganzen,241.71,5.38,240.0,243.43
400,letzte,241.33,5.38,191.0,291.66
401,vier,240.96,5.38,275.0,206.91
402,oft,239.4,5.38,302.0,176.79
403,könnten,239.33,5.38,151.0,327.66
404,warten,238.57,5.38,102.0,375.14
405,gewesen,237.08,5.37,245.0,229.17
406,auto,236.36,5.37,200.0,272.71
407,sehe,234.67,5.37,151.0,318.33
408,grund,233.16,5.37,234.0,232.31
409,glück,232.99,5.37,174.0,291.98
410,musste,232.8,5.37,240.0,225.61
411,hinter,229.62,5.36,209.0,250.25
412,fertig,229.61,5.36,105.0,354.23
413,deshalb,229.45,5.36,245.0,213.91
414,zwar,229.38,5.36,331.0,127.75
415,vergessen,228.34,5.36,141.0,315.67
416,fahren,227.51,5.36,158.0,297.02
417,stunden,227.36,5.36,229.0,225.73
418,woche,227.26,5.36,240.0,214.51
419,überhaupt,226.72,5.36,219.0,234.44
420,bleibt,226.09,5.35,251.0,201.18
421,platz,225.8,5.35,288.0,163.61
422,bisschen,225.79,5.35,170.0,281.57
423,lang,225.75,5.35,214.0,237.49
424,deiner,225.19,5.35,129.0,321.39
425,hätten,223.46,5.35,182.0,264.92
426,all,223.39,5.35,158.0,288.77
427,dinge,223.27,5.35,166.0,280.54
428,augen,222.79,5.35,178.0,267.58
429,eben,222.33,5.35,245.0,199.65
430,freunde,220.23,5.34,151.0,289.46
431,worden,220.11,5.34,331.0,109.21
432,finde,219.59,5.34,200.0,239.19
433,anders,217.59,5.34,214.0,221.18
434,kennen,217.08,5.34,117.0,317.15
435,treffen,216.74,5.34,178.0,255.48
436,bruder,216.24,5.33,102.0,330.49
437,hand,216.17,5.33,200.0,232.34
438,tage,215.95,5.33,240.0,191.89
439,wusste,215.5,5.33,87.1,343.89
440,wasser,214.54,5.33,209.0,220.08
441,braucht,211.56,5.33,178.0,245.13
442,deinem,210.73,5.32,105.0,316.47
443,verstehe,210.66,5.32,83.2,338.12
444,endlich,209.31,5.32,195.0,223.62
445,möglich,209.18,5.32,251.0,167.35
446,stellen,208.4,5.32,240.0,176.8
447,schwer,208.37,5.32,195.0,221.75
448,fünf,207.66,5.32,195.0,220.32
449,deutsche,206.99,5.32,372.0,41.99
450,kleinen,206.33,5.31,219.0,193.65
451,brauche,206.06,5.31,57.5,354.63
452,oben,205.44,5.31,186.0,224.88
453,mache,203.24,5.31,93.3,313.17
454,schule,203.13,5.31,219.0,187.26
455,ort,202.73,5.31,204.0,201.46
456,darum,202.34,5.31,158.0,246.69
457,idee,201.54,5.3,158.0,245.09
458,hoch,201.45,5.3,191.0,211.9
459,unserer,201.0,5.3,200.0,202.0
460,besten,199.94,5.3,234.0,165.87
461,einzige,199.83,5.3,151.0,248.67
462,kaum,199.59,5.3,234.0,165.18
463,zeigen,199.24,5.3,195.0,203.48
464,alter,198.8,5.3,186.0,211.6
465,wahr,198.65,5.3,63.1,334.2
466,vorbei,198.26,5.3,141.0,255.52
467,keiner,197.49,5.3,158.0,236.98
468,ziemlich,196.85,5.29,151.0,242.71
469,verdammt,196.43,5.29,46.8,346.06
470,jedoch,195.71,5.29,363.0,28.42
471,suchen,195.12,5.29,151.0,239.24
472,toll,194.87,5.29,110.0,279.74
473,besonders,194.29,5.29,282.0,106.59
474,bestimmt,193.23,5.29,174.0,212.46
475,wichtig,193.1,5.29,195.0,191.21
476,weitere,192.42,5.28,309.0,75.84
477,leider,192.07,5.28,240.0,144.14
478,siehst,191.9,5.28,44.7,339.1
479,verstehen,191.64,5.28,148.0,235.28
480,allerdings,191.51,5.28,324.0,59.02
481,gehe,191.22,5.28,89.1,293.34
482,bereit,190.68,5.28,105.0,276.36
483,weniger,190.66,5.28,263.0,118.32
484,komme,190.43,5.28,69.2,311.67
485,beste,190.09,5.28,178.0,202.17
486,eigenen,189.87,5.28,251.0,128.74
487,name,189.85,5.28,138.0,241.71
488,spaß,189.29,5.28,166.0,212.58
489,bringt,188.21,5.27,162.0,214.42
490,tod,185.9,5.27,145.0,226.81
491,sage,185.7,5.27,60.3,311.11
492,eins,185.59,5.27,93.3,277.89
493,warst,185.53,5.27,26.9,344.16
494,läuft,185.39,5.27,148.0,222.79
495,ahnung,183.51,5.26,93.3,273.72
496,neben,183.36,5.26,295.0,71.72
497,alten,183.28,5.26,204.0,162.55
498,sorgen,183.23,5.26,117.0,249.46
499,tochter,183.18,5.26,120.0,246.37
500,gestern,182.87,5.26,141.0,224.74
501,eure,182.82,5.26,97.7,267.93
502,ernst,182.01,5.26,162.0,202.03
503,sah,180.24,5.26,117.0,243.47
504,kenne,179.86,5.25,97.7,262.02
505,gekommen,179.5,5.25,141.0,218.01
506,jede,178.77,5.25,200.0,157.54
507,direkt,178.75,5.25,219.0,138.5
508,job,178.63,5.25,120.0,237.27
509,manchmal,178.02,5.25,155.0,201.05
510,eltern,177.42,5.25,182.0,172.84
511,statt,176.42,5.25,295.0,57.84
512,wort,176.36,5.25,166.0,186.72
513,tür,176.34,5.25,79.4,273.27
514,außerdem,176.13,5.25,240.0,112.26
515,findet,176.03,5.25,240.0,112.06
516,baby,175.39,5.24,51.3,299.49
517,verloren,174.78,5.24,117.0,232.57
518,nächsten,173.32,5.24,200.0,146.65
519,scheint,172.78,5.24,174.0,171.56
520,hoffe,172.74,5.24,120.0,225.48
521,versucht,172.39,5.24,126.0,218.78
522,krieg,172.27,5.24,148.0,196.53
523,dran,171.75,5.23,89.1,254.39
524,meinst,171.7,5.23,63.1,280.29
525,jungs,171.47,5.23,74.1,268.83
526,bild,170.58,5.23,251.0,90.17
527,mensch,170.29,5.23,162.0,178.59
528,alte,170.12,5.23,170.0,170.24
529,draußen,169.71,5.23,66.1,273.32
530,bedeutet,169.24,5.23,123.0,215.47
531,gib,168.85,5.23,28.8,308.91
532,danach,168.06,5.23,200.0,136.11
533,versuchen,167.37,5.22,110.0,224.73
534,stand,167.01,5.22,229.0,105.03
535,solche,165.98,5.22,219.0,112.97
536,hi,165.32,5.22,36.3,294.34
537,sterben,165.24,5.22,64.6,265.87
538,anderes,165.14,5.22,138.0,192.28
539,früher,164.07,5.22,166.0,162.15
540,sieh,163.84,5.21,17.0,310.69
541,wochen,163.77,5.21,182.0,145.55
542,hört,163.58,5.21,91.2,235.96
543,frei,163.49,5.21,158.0,168.98
544,deren,162.76,5.21,275.0,50.51
545,nachdem,162.31,5.21,204.0,120.63
546,fest,162.05,5.21,158.0,166.1
547,dürfen,161.87,5.21,166.0,157.74
548,eher,161.61,5.21,209.0,114.23
549,jemanden,161.38,5.21,75.9,246.87
550,schlecht,161.3,5.21,135.0,187.6
551,trotzdem,159.78,5.2,178.0,141.56
552,drin,159.7,5.2,75.9,243.5
553,neu,159.52,5.2,229.0,90.04
554,straße,158.41,5.2,186.0,130.82
555,damals,158.26,5.2,195.0,121.51
556,erzählt,158.12,5.2,93.3,222.94
557,alt,157.14,5.2,145.0,169.29
558,verstanden,156.22,5.19,79.4,233.04
559,sachen,156.02,5.19,123.0,189.04
560,chance,156.01,5.19,115.0,197.01
561,film,155.05,5.19,170.0,140.1
562,töten,154.3,5.19,26.9,281.7
563,irgendwie,154.14,5.19,141.0,167.28
564,guter,153.73,5.19,110.0,197.46
565,spät,153.7,5.19,64.6,242.8
566,ruhe,153.48,5.19,77.6,229.35
567,außer,153.33,5.19,141.0,165.67
568,wären,152.92,5.18,120.0,185.84
569,geworden,152.26,5.18,166.0,138.53
570,gegeben,152.05,5.18,155.0,149.1
571,falls,151.96,5.18,123.0,180.92
572,schwester,151.5,5.18,58.9,244.1
573,runter,151.34,5.18,43.7,258.99
574,zimmer,151.22,5.18,93.3,209.14
575,gefallen,151.13,5.18,95.5,206.77
576,wahrheit,151.08,5.18,87.1,215.07
577,fand,150.62,5.18,170.0,131.25
578,ruhig,150.5,5.18,57.5,243.5
579,person,150.48,5.18,195.0,105.96
580,schau,150.14,5.18,89.1,211.19
581,beispiel,149.69,5.18,224.0,75.38
582,stelle,149.66,5.18,166.0,133.31
583,stark,148.92,5.17,191.0,106.84
584,jungen,148.24,5.17,135.0,161.48
585,solltest,148.04,5.17,53.7,242.38
586,niemals,147.72,5.17,89.1,206.34
587,neues,147.6,5.17,158.0,137.2
588,leicht,147.51,5.17,174.0,121.01
589,groß,147.29,5.17,162.0,132.58
590,freundin,147.23,5.17,97.7,196.76
591,unseren,146.94,5.17,120.0,173.88
592,verlassen,146.79,5.17,89.1,204.48
593,buch,146.63,5.17,166.0,127.26
594,schuld,146.47,5.17,87.1,205.85
595,gesicht,145.6,5.16,110.0,181.2
596,unternehmen,145.15,5.16,240.0,50.29
597,wahrscheinlich,145.0,5.16,132.0,157.99
598,schreiben,144.84,5.16,178.0,111.68
599,wollten,144.29,5.16,83.2,205.38
600,voll,144.27,5.16,148.0,140.54
601,millionen,143.73,5.16,178.0,109.46
602,laut,143.05,5.16,170.0,116.09
603,daher,142.61,5.15,234.0,51.22
604,setzen,142.3,5.15,126.0,158.6
605,typ,142.23,5.15,100.0,184.46
606,jedes,142.13,5.15,158.0,126.26
607,sechs,141.51,5.15,135.0,148.01
608,zeigt,141.35,5.15,219.0,63.7
609,gefällt,141.32,5.15,87.1,195.54
610,unten,140.84,5.15,102.0,179.68
611,woher,140.7,5.15,43.7,237.7
612,wert,140.54,5.15,155.0,126.09
613,holen,140.47,5.15,64.6,216.34
614,euro,140.37,5.15,263.0,17.73
615,probleme,140.3,5.15,148.0,132.6
616,drauf,140.26,5.15,112.0,168.51
617,zukunft,140.2,5.15,162.0,118.41
618,super,139.49,5.14,155.0,123.98
619,völlig,139.46,5.14,145.0,133.92
620,herz,139.22,5.14,107.0,171.44
621,kleiner,139.15,5.14,100.0,178.29
622,mama,138.92,5.14,47.9,229.94
623,bett,138.9,5.14,87.1,190.71
624,aller,138.57,5.14,200.0,77.15
625,wahl,138.4,5.14,155.0,121.8
626,wagen,138.2,5.14,69.2,207.2
627,meisten,138.08,5.14,178.0,98.16
628,gedacht,137.97,5.14,100.0,175.94
629,verrückt,137.36,5.14,23.4,251.32
630,lernen,136.83,5.14,138.0,135.65
631,thema,136.27,5.13,229.0,43.54
632,lesen,135.47,5.13,170.0,100.93
633,zehn,135.33,5.13,120.0,150.65
634,schaffen,135.27,5.13,126.0,144.55
635,anfang,135.13,5.13,186.0,84.27
636,team,134.96,5.13,170.0,99.92
637,nächste,134.86,5.13,120.0,149.72
638,stunde,134.7,5.13,120.0,149.4
639,kommst,134.64,5.13,38.9,230.39
640,falsch,133.91,5.13,105.0,162.82
641,kerl,133.49,5.13,26.3,240.68
642,fehler,133.13,5.12,115.0,151.26
643,tagen,133.03,5.12,145.0,121.06
644,dessen,132.84,5.12,219.0,46.68
645,nett,132.78,5.12,50.1,215.45
646,erhalten,132.11,5.12,204.0,60.22
647,menge,132.05,5.12,115.0,149.09
648,pro,131.93,5.12,209.0,54.86
649,langsam,131.92,5.12,115.0,148.85
650,rede,131.59,5.12,100.0,163.17
651,reicht,131.28,5.12,95.5,167.05
652,spricht,130.52,5.12,129.0,132.03
653,bisher,130.1,5.11,182.0,78.2
654,kaufen,129.24,5.11,138.0,120.48
655,teufel,128.99,5.11,24.5,233.49
656,bekannt,128.98,5.11,182.0,75.96
657,spielt,128.56,5.11,135.0,122.12
658,bloß,127.71,5.11,70.8,184.63
659,online,127.24,5.1,240.0,14.49
660,hält,127.21,5.1,135.0,119.43
661,klasse,127.19,5.1,145.0,109.39
662,suche,127.07,5.1,126.0,128.14
663,denkst,126.37,5.1,27.5,225.24
664,ehrlich,126.35,5.1,79.4,173.3
665,gesellschaft,125.87,5.1,191.0,60.75
666,zuerst,125.77,5.1,93.3,158.23
667,überall,125.74,5.1,112.0,139.49
668,nimm,125.72,5.1,28.2,223.24
669,liegen,125.47,5.1,158.0,92.94
670,gegenüber,125.24,5.1,186.0,64.47
671,schlafen,125.16,5.1,66.1,184.21
672,klingt,124.65,5.1,85.1,164.2
673,nehme,124.59,5.1,51.3,197.88
674,zweiten,124.57,5.1,204.0,45.15
675,glücklich,124.21,5.09,77.6,170.82
676,lasst,124.2,5.09,42.7,205.71
677,schatz,123.85,5.09,23.4,224.29
678,getötet,123.26,5.09,40.7,205.81
679,laufen,123.2,5.09,112.0,134.41
680,folgen,123.13,5.09,151.0,95.26
681,jedem,123.04,5.09,155.0,91.08
682,erzählen,122.22,5.09,51.3,193.14
683,richtung,121.99,5.09,170.0,73.98
684,würdest,121.93,5.09,42.7,201.15
685,stück,121.12,5.08,123.0,119.24
686,sagst,121.08,5.08,30.9,211.25
687,könig,121.0,5.08,105.0,137.01
688,obwohl,120.97,5.08,151.0,90.94
689,nummer,120.91,5.08,79.4,162.43
690,ziehen,120.74,5.08,112.0,129.48
691,großer,120.61,5.08,123.0,118.23
692,früh,120.37,5.08,81.3,159.45
693,ebenfalls,119.9,5.08,209.0,30.8
694,führen,119.63,5.08,138.0,101.26
695,meinung,119.55,5.08,138.0,101.1
696,genommen,119.3,5.08,120.0,118.6
697,gilt,118.79,5.07,195.0,42.58
698,gebracht,118.64,5.07,115.0,122.29
699,ding,118.52,5.07,63.1,173.95
700,luft,118.28,5.07,105.0,131.56
701,ziel,118.15,5.07,151.0,85.29
702,konnten,118.13,5.07,145.0,91.27
703,regierung,117.57,5.07,170.0,65.15
704,dollar,117.12,5.07,83.2,151.04
705,deswegen,116.63,5.07,97.7,135.55
706,nimmt,116.58,5.07,145.0,88.16
707,gefühl,116.26,5.07,112.0,120.53
708,führt,116.06,5.06,151.0,81.11
709,trinken,116.04,5.06,57.5,174.58
710,gruppe,115.87,5.06,178.0,53.74
711,scheiß,115.83,5.06,83.2,148.46
712,stellt,115.73,5.06,170.0,61.47
713,tat,115.61,5.06,93.3,137.92
714,irgendwas,115.28,5.06,66.1,164.46
715,richtige,115.27,5.06,102.0,128.53
716,sex,115.17,5.06,120.0,110.34
717,wohnung,115.11,5.06,120.0,110.23
718,gutes,114.93,5.06,107.0,122.86
719,funktioniert,114.57,5.06,93.3,135.84
720,deutlich,114.02,5.06,200.0,28.03
721,dagegen,113.85,5.06,138.0,89.69
722,plan,113.81,5.06,74.1,153.53
723,blut,113.51,5.06,53.7,173.32
724,euer,113.43,5.05,44.7,182.16
725,fällt,113.41,5.05,120.0,106.83
726,rolle,113.29,5.05,145.0,81.57
727,eigene,113.19,5.05,158.0,68.39
728,arsch,113.12,5.05,69.2,157.03
729,unserem,112.98,5.05,97.7,128.27
730,gebe,112.92,5.05,79.4,146.44
731,glaubst,112.77,5.05,25.1,200.43
732,alleine,112.7,5.05,91.2,134.2
733,zahlen,112.64,5.05,141.0,84.28
734,wen,112.37,5.05,56.2,168.54
735,tatsächlich,112.23,5.05,129.0,95.47
736,schließlich,111.8,5.05,170.0,53.59
737,meines,111.38,5.05,75.9,146.86
738,lage,110.99,5.05,148.0,73.97
739,lieben,110.9,5.04,74.1,147.7
740,passt,110.35,5.04,102.0,118.69
741,kennt,110.31,5.04,102.0,118.61
742,sorge,110.22,5.04,43.7,176.74
743,willkommen,110.09,5.04,66.1,154.08
744,sicherheit,109.67,5.04,115.0,104.34
745,bekommt,109.22,5.04,126.0,92.44
746,tragen,109.13,5.04,110.0,108.27
747,folge,109.12,5.04,174.0,44.24
748,kriegen,108.75,5.04,43.7,173.8
749,preis,108.6,5.04,145.0,72.21
750,hättest,108.22,5.03,30.2,186.24
751,nennen,108.11,5.03,81.3,134.91
752,sinn,108.07,5.03,107.0,109.14
753,erklären,107.71,5.03,93.3,122.12
754,denkt,107.56,5.03,77.6,137.52
755,opfer,107.52,5.03,102.0,113.05
756,licht,107.45,5.03,97.7,117.2
757,tu,107.2,5.03,31.6,182.81
758,ihres,106.86,5.03,123.0,90.72
759,gehst,106.63,5.03,22.4,190.86
760,körper,106.51,5.03,100.0,113.03
761,telefon,106.47,5.03,57.5,155.44
762,nochmal,106.2,5.03,102.0,110.4
763,hund,105.89,5.02,72.4,139.39
764,schöne,105.71,5.02,105.0,106.42
765,besteht,105.38,5.02,162.0,48.76
766,genauso,105.15,5.02,91.2,119.11
767,kirche,105.13,5.02,141.0,69.26
768,stimme,104.72,5.02,105.0,104.43
769,hände,104.08,5.02,58.9,149.27
770,raum,103.74,5.02,129.0,78.48
771,monate,103.73,5.02,110.0,97.47
772,boden,103.33,5.01,102.0,104.66
773,entschuldigung,103.17,5.01,19.1,187.24
774,vorher,102.95,5.01,107.0,98.91
775,entschuldigen,102.92,5.01,14.1,191.75
776,rund,102.9,5.01,186.0,19.8
777,mehrere,102.86,5.01,174.0,31.71
778,total,102.8,5.01,83.2,122.4
779,länger,102.72,5.01,100.0,105.44
780,artikel,102.39,5.01,174.0,30.78
781,wenigstens,101.86,5.01,95.5,108.22
782,ließ,101.66,5.01,120.0,83.31
783,könnt,101.36,5.01,69.2,133.52
784,brauchst,101.1,5.0,38.9,163.3
785,machte,101.03,5.0,110.0,92.07
786,nähe,100.85,5.0,107.0,94.71
787,herren,100.8,5.0,91.2,110.4
788,blick,100.73,5.0,138.0,63.46
789,wollt,100.64,5.0,50.1,151.19
790,antwort,100.64,5.0,110.0,91.28
791,erfolg,100.58,5.0,148.0,53.16
792,kaffee,100.51,5.0,69.2,131.83
793,versuche,100.45,5.0,75.9,125.01
794,büro,100.19,5.0,53.7,146.69
795,zweite,99.99,5.0,138.0,61.98
796,kleines,99.97,5.0,66.1,133.84
797,seien,99.8,5.0,110.0,89.61
798,wär,99.53,5.0,46.8,152.26
799,lebt,99.39,5.0,75.9,122.88
800,heraus,99.16,5.0,102.0,96.32
801,arzt,99.09,5.0,72.4,125.77
802,politik,98.8,4.99,174.0,23.6
803,prozent,98.26,4.99,166.0,30.51
804,personen,98.03,4.99,170.0,26.06
805,plötzlich,98.03,4.99,102.0,94.06
806,links,97.94,4.99,126.0,69.88
807,verlieren,97.88,4.99,63.1,132.66
808,kosten,97.87,4.99,151.0,44.73
809,sitzen,97.56,4.99,79.4,115.72
810,erde,97.29,4.99,79.4,115.18
811,entscheidung,97.25,4.99,107.0,87.51
812,seines,97.19,4.99,141.0,53.38
813,interessiert,97.07,4.99,74.1,120.04
814,ändern,96.89,4.99,85.1,108.68
815,erwartet,96.88,4.99,89.1,104.67
816,internet,96.82,4.99,170.0,23.64
817,retten,96.56,4.98,39.8,153.31
818,gegangen,96.5,4.98,72.4,120.6
819,form,96.44,4.98,158.0,34.89
820,nämlich,96.44,4.98,126.0,66.89
821,acht,96.39,4.98,95.5,97.27
822,welches,96.37,4.98,123.0,69.73
823,gedanken,96.33,4.98,107.0,85.66
824,schauen,96.19,4.98,91.2,101.18
825,rest,96.17,4.98,77.6,114.74
826,wohin,96.13,4.98,31.6,160.66
827,weise,96.01,4.98,117.0,75.02
828,feuer,96.0,4.98,57.5,134.5
829,papa,95.83,4.98,28.8,162.86
830,waffe,95.71,4.98,25.7,165.72
831,welcher,95.64,4.98,107.0,84.29
832,gefragt,95.64,4.98,77.6,113.69
833,zumindest,95.61,4.98,117.0,74.23
834,weiteren,95.51,4.98,151.0,40.01
835,gewinnen,95.41,4.98,100.0,90.82
836,zunächst,95.41,4.98,174.0,16.82
837,glaub,95.1,4.98,70.8,119.4
838,erinnern,95.09,4.98,56.2,133.98
839,tust,94.39,4.97,13.2,175.57
840,erfahren,93.96,4.97,79.4,108.51
841,froh,93.73,4.97,61.7,125.75
842,bleib,93.46,4.97,17.8,169.12
843,hart,93.42,4.97,77.6,109.24
844,vorstellen,93.39,4.97,75.9,110.87
845,sieben,93.2,4.97,95.5,90.91
846,wow,93.12,4.97,51.3,134.93
847,deutsch,93.04,4.97,174.0,12.09
848,fallen,93.01,4.97,89.1,96.92
849,unterwegs,92.88,4.97,95.5,90.26
850,rechts,92.84,4.97,123.0,62.68
851,schluss,92.82,4.97,83.2,102.44
852,dadurch,92.7,4.97,148.0,37.39
853,versuch,92.7,4.97,74.1,111.29
854,party,92.63,4.97,63.1,122.15
855,möglichkeit,92.59,4.97,123.0,62.19
856,geschafft,92.52,4.97,64.6,120.44
857,spiele,92.51,4.97,135.0,50.01
858,kampf,92.29,4.97,93.3,91.29
859,kamen,92.2,4.96,100.0,84.4
860,leuten,92.1,4.96,77.6,106.6
861,aufs,92.07,4.96,85.1,99.05
862,schiff,92.04,4.96,46.8,137.27
863,wartet,91.95,4.96,35.5,148.39
864,selber,91.94,4.96,115.0,68.88
865,foto,91.72,4.96,105.0,78.45
866,vertrauen,91.69,4.96,61.7,121.68
867,kennst,91.69,4.96,28.2,155.18
868,himmel,91.57,4.96,66.1,117.04
869,stolz,91.5,4.96,75.9,107.1
870,sucht,91.48,4.96,107.0,75.96
871,bereich,91.41,4.96,162.0,20.82
872,gemeinsam,91.39,4.96,126.0,56.79
873,monaten,91.33,4.96,93.3,89.36
874,irgendwo,91.22,4.96,63.1,119.34
875,informationen,91.1,4.96,102.0,80.21
876,wiedersehen,90.97,4.96,12.9,169.04
877,sobald,90.7,4.96,70.8,110.6
878,übrigens,90.64,4.96,117.0,64.29
879,möchten,90.63,4.96,61.7,119.56
880,halte,90.57,4.96,61.7,119.45
881,ruf,90.48,4.96,36.3,144.67
882,offen,90.45,4.96,97.7,83.21
883,geschrieben,90.28,4.96,100.0,80.56
884,heißen,90.16,4.96,67.6,112.73
885,getroffen,90.13,4.95,63.1,117.17
886,nachricht,89.92,4.95,63.1,116.74
887,wem,89.91,4.95,42.7,137.12
888,cool,89.88,4.95,61.7,118.05
889,monat,89.47,4.95,97.7,81.24
890,bilder,89.39,4.95,132.0,46.77
891,hilft,89.35,4.95,87.1,91.61
892,verdient,89.01,4.95,79.4,98.62
893,verletzt,88.35,4.95,67.6,109.11
894,solange,88.33,4.95,70.8,105.86
895,innerhalb,88.32,4.95,145.0,31.65
896,krank,87.99,4.94,49.0,126.99
897,passieren,87.44,4.94,60.3,114.58
898,darin,87.44,4.94,100.0,74.88
899,trotz,87.16,4.94,141.0,33.31
900,müsste,86.93,4.94,89.1,84.76
901,unbedingt,86.74,4.94,95.5,77.98
902,gefahr,86.63,4.94,87.1,86.16
903,hotel,86.51,4.94,81.3,91.72
904,system,86.41,4.94,129.0,43.82
905,tue,85.95,4.93,16.6,155.3
906,lustig,85.92,4.93,69.2,102.65
907,seiten,85.87,4.93,138.0,33.74
908,firma,85.83,4.93,100.0,71.66
909,ebenso,85.79,4.93,138.0,33.58
910,erreichen,85.79,4.93,102.0,69.58
911,worte,85.77,4.93,87.1,84.45
912,band,85.74,4.93,115.0,56.47
913,arbeitet,85.65,4.93,74.1,97.21
914,schneller,85.6,4.93,72.4,98.81
915,hölle,85.48,4.93,28.2,142.75
916,video,85.44,4.93,135.0,35.89
917,fühlen,85.4,4.93,66.1,104.7
918,laden,85.36,4.93,69.2,101.51
919,gehören,85.34,4.93,107.0,63.69
920,nahm,85.23,4.93,93.3,77.17
921,fühle,85.05,4.93,43.7,126.4
922,lebens,84.87,4.93,75.9,93.83
923,punkt,84.78,4.93,100.0,69.56
924,verbindung,84.75,4.93,95.5,74.0
925,klein,84.66,4.93,87.1,82.22
926,glaubt,84.51,4.93,64.6,104.41
927,erster,84.33,4.93,112.0,56.66
928,einigen,84.23,4.93,129.0,39.45
929,zeiten,84.19,4.93,100.0,68.38
930,nachrichten,84.08,4.92,100.0,68.17
931,aufgrund,83.84,4.92,145.0,22.68
932,erreicht,83.77,4.92,126.0,41.55
933,hierher,83.61,4.92,14.1,153.12
934,kindern,83.59,4.92,97.7,69.48
935,kraft,83.57,4.92,93.3,73.84
936,perfekt,83.54,4.92,69.2,97.87
937,handy,83.44,4.92,69.2,97.68
938,böse,83.33,4.92,55.0,111.66
939,manche,83.3,4.92,102.0,64.6
940,gesprochen,83.19,4.92,55.0,111.39
941,krankenhaus,82.96,4.92,56.2,109.72
942,fehlt,82.93,4.92,91.2,74.65
943,bring,82.48,4.92,12.9,152.06
944,mai,82.36,4.92,148.0,16.72
945,gleichen,82.14,4.91,112.0,52.29
946,bewegung,82.07,4.91,79.4,84.74
947,waffen,82.0,4.91,53.7,110.29
948,tages,81.85,4.91,67.6,96.09
949,chef,81.79,4.91,83.2,80.39
950,fenster,81.56,4.91,75.9,87.23
951,liste,81.49,4.91,91.2,71.78
952,setzt,81.39,4.91,102.0,60.79
953,typen,81.39,4.91,42.7,120.08
954,schlimm,81.31,4.91,60.3,102.31
955,gleiche,81.27,4.91,81.3,81.24
956,entwicklung,81.19,4.91,151.0,11.38
957,meister,81.11,4.91,70.8,91.42
958,anderer,81.0,4.91,100.0,62.0
959,verkaufen,80.94,4.91,69.2,92.69
960,meter,80.94,4.91,115.0,46.87
961,sommer,80.93,4.91,120.0,41.86
962,aufhören,80.92,4.91,33.1,128.75
963,gestorben,80.77,4.91,60.3,101.24
964,tisch,80.6,4.91,67.6,93.61
965,september,80.59,4.91,148.0,13.17
966,situation,80.55,4.91,102.0,59.11
967,ehe,80.51,4.91,79.4,81.61
968,lasse,80.42,4.91,38.0,122.84
969,lachen,80.28,4.9,57.5,103.06
970,jedenfalls,80.11,4.9,81.3,78.92
971,hinaus,80.07,4.9,115.0,45.14
972,mund,80.05,4.9,56.2,103.89
973,absolut,80.04,4.9,74.1,85.99
974,nötig,79.98,4.9,63.1,96.86
975,weder,79.95,4.9,97.7,62.19
976,mitte,79.91,4.9,132.0,27.81
977,hinten,79.64,4.9,61.7,97.58
978,zug,79.6,4.9,81.3,77.91
979,schönen,79.43,4.9,75.9,82.96
980,reise,79.35,4.9,79.4,79.3
981,verschwinden,79.1,4.9,28.8,129.4
982,regeln,79.06,4.9,70.8,87.31
983,kämpfen,79.04,4.9,55.0,103.09
984,geschehen,79.04,4.9,57.5,100.58
985,verschiedenen,79.02,4.9,141.0,17.03
986,rufen,79.02,4.9,33.1,124.93
987,könntest,78.96,4.9,28.8,129.12
988,einsatz,78.63,4.9,123.0,34.26
989,doktor,78.61,4.9,16.2,141.01
990,irgendwann,78.32,4.89,77.6,79.04
991,voller,78.21,4.89,66.1,90.31
992,schicken,78.19,4.89,50.1,106.28
993,präsident,78.19,4.89,93.3,63.08
994,erklärt,78.17,4.89,112.0,44.34
995,entfernt,78.03,4.89,91.2,64.87
996,ständig,77.84,4.89,69.2,86.48
997,indem,77.82,4.89,93.3,62.34
998,vermutlich,77.78,4.89,85.1,70.47
999,unglaublich,77.75,4.89,53.7,101.8
1000,auge,77.46,4.89,66.1,88.82
